image_name,label,confidence,x,y,width,height
vid_4_1000.jpg,car,0.917123556137085,291,197,28,20
vid_4_10000.jpg,car,0.9912407994270325,20,197,94,32
vid_4_10020.jpg,car,0.9971796274185181,510,185,109,34
vid_4_10040.jpg,car,0.9931089878082275,244,192,105,36
vid_4_10060.jpg,car,0.9780699014663696,28,200,96,30
vid_4_10100.jpg,car,0.9978086948394775,451,186,121,38
vid_4_10120.jpg,car,0.9967573285102844,172,195,120,35
vid_4_10140.jpg,car,0.9400417804718018,-1,201,79,31
vid_4_1020.jpg,car,0.9782625436782837,205,198,34,23
vid_4_1040.jpg,car,0.9935352206230164,126,200,47,22
vid_4_10480.jpg,car,0.9995118975639343,481,189,119,34
vid_4_10500.jpg,car,0.9980587363243103,163,201,105,32
vid_4_10520.jpg,car,0.9674174785614014,-2,204,34,25
vid_4_1060.jpg,car,0.9517651200294495,56,200,52,22
vid_4_1080.jpg,car,0.9263876080513,1,200,45,18
vid_4_10900.jpg,car,0.6083206534385681,648,192,25,8
vid_4_10920.jpg,car,0.6513043642044067,618,192,32,8
vid_4_10940.jpg,car,0.623996376991272,565,195,23,8
vid_4_10940.jpg,car,0.8034554719924927,592,193,29,7
vid_4_10960.jpg,car,0.7553890347480774,538,191,20,10
vid_4_10960.jpg,car,0.9352180361747742,565,191,28,8
vid_4_10960.jpg,car,0.7683514952659607,628,184,48,31
vid_4_10980.jpg,car,0.8386304378509521,403,194,107,38
vid_4_10980.jpg,car,0.7897520065307617,535,193,29,7
vid_4_11000.jpg,car,0.9949100613594055,155,203,95,34
vid_4_11020.jpg,car,0.5221141576766968,476,190,18,8
vid_4_11020.jpg,car,0.9461029171943665,0,204,68,28
vid_4_11240.jpg,car,0.9965258836746216,508,192,120,32
vid_4_11260.jpg,car,0.9986773729324341,275,203,130,32
vid_4_11280.jpg,car,0.9987184405326843,67,209,112,28
vid_4_11300.jpg,car,0.9310351014137268,-1,210,17,23
vid_4_11360.jpg,car,0.5823999643325806,669,190,5,19
vid_4_11380.jpg,car,0.8878045678138733,524,192,83,25
vid_4_11400.jpg,car,0.6471993923187256,336,197,91,32
vid_4_11420.jpg,car,0.9193024635314941,142,200,86,33
vid_4_11440.jpg,car,0.9737560749053955,0,205,71,25
vid_4_11880.jpg,car,0.9175207614898682,627,187,47,25
vid_4_11900.jpg,car,0.9884912371635437,530,191,87,23
vid_4_11920.jpg,car,0.9983615875244141,413,195,95,25
vid_4_11940.jpg,car,0.9892071485519409,286,198,92,26
vid_4_11960.jpg,car,0.9826780557632446,166,202,86,24
vid_4_11980.jpg,car,0.9807489514350891,62,206,78,20
vid_4_12000.jpg,car,0.9505069851875305,1,204,46,19
vid_4_12040.jpg,car,0.9827451705932617,643,184,32,20
vid_4_12060.jpg,car,0.5732048153877258,646,183,22,8
vid_4_12060.jpg,car,0.9585903286933899,602,184,36,21
vid_4_12080.jpg,car,0.7431351542472839,605,183,26,9
vid_4_12080.jpg,car,0.5345034003257751,621,184,22,8
vid_4_12080.jpg,car,0.8134320378303528,656,179,18,13
vid_4_12080.jpg,car,0.978147029876709,537,183,45,25
vid_4_12100.jpg,car,0.8185731172561646,579,183,22,8
vid_4_12100.jpg,car,0.9405532479286194,614,179,34,11
vid_4_12100.jpg,car,0.9941782355308533,452,185,62,27
vid_4_12120.jpg,car,0.9598464965820312,343,187,84,32
vid_4_12120.jpg,car,0.892776608467102,578,181,24,10
vid_4_12120.jpg,car,0.8400993943214417,657,176,17,23
vid_4_12140.jpg,car,0.991455614566803,219,194,93,26
vid_4_12140.jpg,car,0.8072011470794678,538,182,20,9
vid_4_12140.jpg,car,0.9874390363693237,602,180,38,20
vid_4_12160.jpg,car,0.9865521788597107,100,196,93,26
vid_4_12160.jpg,car,0.7851245403289795,500,183,18,9
vid_4_12160.jpg,car,0.9710013270378113,543,179,33,19
vid_4_12160.jpg,car,0.9579482078552246,644,178,34,39
vid_4_12180.jpg,car,0.8382729291915894,491,180,24,17
vid_4_12180.jpg,car,0.7862379550933838,463,186,16,7
vid_4_12180.jpg,car,0.9797365069389343,558,182,52,35
vid_4_12180.jpg,car,0.9959646463394165,6,200,82,23
vid_4_12200.jpg,car,0.6048131585121155,430,187,11,7
vid_4_12200.jpg,car,0.8610711693763733,438,186,20,11
vid_4_12200.jpg,car,0.9953577518463135,474,184,42,29
vid_4_12220.jpg,car,0.7010927200317383,392,186,13,10
vid_4_12220.jpg,car,0.9899153709411621,400,185,36,25
vid_4_12240.jpg,car,0.9711560606956482,597,185,73,33
vid_4_12240.jpg,car,0.9877779483795166,339,187,40,24
vid_4_12240.jpg,car,0.9550930261611938,638,191,40,35
vid_4_12260.jpg,car,0.9644914269447327,477,187,94,31
vid_4_12260.jpg,car,0.8067803978919983,632,180,40,40
vid_4_12260.jpg,car,0.9903431534767151,503,192,155,43
vid_4_12260.jpg,car,0.9628497958183289,285,188,40,23
vid_4_12280.jpg,car,0.6273148059844971,506,180,98,41
vid_4_12280.jpg,car,0.7040583491325378,572,177,105,57
vid_4_12280.jpg,car,0.9929791688919067,333,198,156,46
vid_4_12280.jpg,car,0.6197631359100342,270,190,17,11
vid_4_12280.jpg,car,0.9523643255233765,236,191,29,18
vid_4_12300.jpg,car,0.9219122529029846,400,181,183,61
vid_4_12300.jpg,car,0.9828516244888306,272,196,71,34
vid_4_12300.jpg,car,0.696625828742981,382,188,85,38
vid_4_12300.jpg,car,0.9991884231567383,170,203,151,45
vid_4_12300.jpg,car,0.9242898225784302,196,194,38,15
vid_4_12320.jpg,car,0.7787428498268127,235,184,163,63
vid_4_12320.jpg,car,0.9913273453712463,147,200,76,34
vid_4_12320.jpg,car,0.9992042183876038,33,209,135,39
vid_4_12340.jpg,car,0.9777607917785645,1,208,54,34
vid_4_12340.jpg,car,0.9863794445991516,48,204,64,31
vid_4_12380.jpg,car,0.5161397457122803,0,200,12,42
vid_4_12460.jpg,car,0.9874804019927979,579,175,95,92
vid_4_12480.jpg,car,0.6534395217895508,25,174,266,114
vid_4_12860.jpg,car,0.7445035576820374,591,188,28,9
vid_4_12880.jpg,car,0.5202961564064026,558,190,20,10
vid_4_12880.jpg,car,0.5066775679588318,464,200,19,6
vid_4_12900.jpg,car,0.7725055813789368,410,200,31,9
vid_4_13020.jpg,car,0.6037137508392334,114,204,42,11
vid_4_13040.jpg,car,0.6424968242645264,144,198,55,10
vid_4_13040.jpg,car,0.6147512793540955,76,200,39,10
vid_4_13580.jpg,car,0.8101170063018799,438,182,39,19
vid_4_13620.jpg,car,0.995167076587677,255,193,167,59
vid_4_13620.jpg,car,0.9704105854034424,368,188,22,10
vid_4_13640.jpg,car,0.9981586933135986,-4,204,121,39
vid_4_13640.jpg,car,0.8348016142845154,331,185,21,19
vid_4_13660.jpg,car,0.9913457036018372,573,184,106,48
vid_4_13660.jpg,car,0.9159247279167175,293,187,25,18
vid_4_13660.jpg,car,0.7639750838279724,339,189,14,8
vid_4_13680.jpg,car,0.9961055517196655,498,182,116,37
vid_4_13680.jpg,car,0.9983699321746826,215,199,150,45
vid_4_13680.jpg,car,0.8755275011062622,258,188,25,16
vid_4_13700.jpg,car,0.9959710240364075,250,190,114,40
vid_4_13700.jpg,car,0.997966468334198,377,191,160,47
vid_4_13700.jpg,car,0.9788872599601746,-2,203,66,36
vid_4_13700.jpg,car,0.8168132305145264,221,188,32,16
vid_4_13700.jpg,car,0.7377805709838867,256,189,15,9
vid_4_13720.jpg,car,0.543131411075592,601,171,72,57
vid_4_13720.jpg,car,0.9995419383049011,40,198,134,46
vid_4_13720.jpg,car,0.6765963435173035,234,189,16,10
vid_4_13720.jpg,car,0.934544563293457,186,189,33,16
vid_4_13740.jpg,car,0.8135523796081543,155,187,39,18
vid_4_13740.jpg,car,0.6515401005744934,194,189,18,12
vid_4_13740.jpg,car,0.6105664968490601,204,190,19,10
vid_4_13740.jpg,car,0.6555986404418945,0,197,3,33
vid_4_13760.jpg,car,0.8600589036941528,613,165,63,51
vid_4_13760.jpg,car,0.5341039299964905,168,189,14,11
vid_4_13760.jpg,car,0.9235085844993591,126,190,42,17
vid_4_13780.jpg,car,0.9510239362716675,399,161,155,60
vid_4_13780.jpg,car,0.8857589960098267,98,189,39,17
vid_4_13800.jpg,car,0.6962960958480835,171,170,135,56
vid_4_13800.jpg,car,0.998545229434967,552,184,120,46
vid_4_13800.jpg,car,0.9163196086883545,70,189,46,14
vid_4_13820.jpg,car,0.9934613704681396,427,186,112,37
vid_4_13820.jpg,car,0.9974932074546814,176,198,162,43
vid_4_13840.jpg,car,0.986286461353302,0,200,48,34
vid_4_13840.jpg,car,0.9920520782470703,186,192,102,35
vid_4_13860.jpg,car,0.9923644661903381,9,196,82,28
vid_4_13860.jpg,car,0.9984282851219177,436,192,154,44
vid_4_13860.jpg,car,0.9812883734703064,613,178,64,33
vid_4_13880.jpg,car,0.995534360408783,397,182,106,38
vid_4_13880.jpg,car,0.9990383982658386,66,200,145,41
vid_4_13900.jpg,car,0.9979564547538757,147,191,98,33
vid_4_13920.jpg,car,0.9825639724731445,-2,193,66,31
vid_4_14140.jpg,car,0.9997372627258301,357,194,254,87
vid_4_14160.jpg,car,0.9986086487770081,-7,206,162,63
vid_4_14240.jpg,car,0.5141537189483643,558,185,36,10
vid_4_14340.jpg,car,0.864066481590271,627,177,47,30
vid_4_14360.jpg,car,0.9893901348114014,392,182,107,35
vid_4_14380.jpg,car,0.9082117676734924,137,194,97,34
vid_4_14400.jpg,car,0.9243555068969727,1,196,52,27
vid_4_14440.jpg,car,0.9955076575279236,589,177,86,29
vid_4_14460.jpg,car,0.9908099174499512,380,181,100,33
vid_4_14480.jpg,car,0.9960941076278687,155,195,95,30
vid_4_14500.jpg,car,0.8963696956634521,78,202,31,9
vid_4_14500.jpg,car,0.9970608949661255,3,201,76,23
vid_4_14540.jpg,car,0.5748644471168518,31,204,25,6
vid_4_15000.jpg,car,0.9994005560874939,527,183,145,45
vid_4_15020.jpg,car,0.9997788667678833,197,200,148,41
vid_4_15040.jpg,car,0.9972420334815979,-2,204,83,35
vid_4_16000.jpg,car,0.9919630885124207,405,196,92,32
vid_4_16020.jpg,car,0.9917179346084595,248,198,87,34
vid_4_16040.jpg,car,0.9894601702690125,108,201,84,30
vid_4_16060.jpg,car,0.9946504235267639,5,202,61,25
vid_4_16100.jpg,car,0.9005315899848938,603,188,72,29
vid_4_16120.jpg,car,0.8081461787223816,460,188,112,37
vid_4_16140.jpg,car,0.8932473659515381,297,195,107,35
vid_4_16160.jpg,car,0.9155717492103577,137,197,102,35
vid_4_16180.jpg,car,0.9229220747947693,13,200,90,30
vid_4_16280.jpg,car,0.6154477596282959,399,184,14,7
vid_4_16280.jpg,car,0.9684488773345947,596,181,75,29
vid_4_16300.jpg,car,0.9125831723213196,522,183,59,26
vid_4_16320.jpg,car,0.9743894934654236,453,185,41,25
vid_4_16400.jpg,car,0.9645529985427856,247,195,20,12
vid_4_16420.jpg,car,0.6990441083908081,244,188,11,4
vid_4_16420.jpg,car,0.9838791489601135,215,194,18,11
vid_4_16440.jpg,car,0.6202459335327148,661,189,14,9
vid_4_16440.jpg,car,0.9051004648208618,190,196,16,8
vid_4_16460.jpg,car,0.7320274710655212,158,197,15,9
vid_4_16460.jpg,car,0.9353511929512024,164,196,16,10
vid_4_16480.jpg,car,0.96314936876297,614,185,64,41
vid_4_16500.jpg,car,0.9961604475975037,233,199,144,46
vid_4_16520.jpg,car,0.9501909017562866,1,202,44,35
vid_4_16520.jpg,car,0.5526089668273926,359,197,23,6
vid_4_16560.jpg,car,0.6220749616622925,270,199,20,4
vid_4_16560.jpg,car,0.6933419704437256,351,198,22,6
vid_4_16580.jpg,car,0.6962430477142334,328,199,21,7
vid_4_16600.jpg,car,0.585438072681427,58,197,19,4
vid_4_16600.jpg,car,0.8285096883773804,243,198,17,7
vid_4_16600.jpg,car,0.8193721771240234,303,198,21,7
vid_4_16620.jpg,car,0.5156077742576599,218,199,18,4
vid_4_16620.jpg,car,0.7802831530570984,277,199,21,7
vid_4_16640.jpg,car,0.672575056552887,204,200,19,4
vid_4_16660.jpg,car,0.99815833568573,427,194,156,41
vid_4_16660.jpg,car,0.5617296099662781,153,200,16,4
vid_4_16660.jpg,car,0.5823974609375,189,200,23,5
vid_4_16680.jpg,car,0.9982909560203552,63,205,141,39
vid_4_16680.jpg,car,0.5101050138473511,645,194,24,7
vid_4_16700.jpg,car,0.9816007614135742,448,187,163,54
vid_4_16700.jpg,car,0.5458815097808838,613,195,31,7
vid_4_16720.jpg,car,0.7646833062171936,70,198,142,54
vid_4_16720.jpg,car,0.6383987665176392,489,198,21,8
vid_4_16720.jpg,car,0.7240785360336304,538,197,31,7
vid_4_16720.jpg,car,0.5361907482147217,588,195,29,7
vid_4_16740.jpg,car,0.628123939037323,660,189,15,9
vid_4_16740.jpg,car,0.5059561729431152,512,195,27,8
vid_4_16740.jpg,car,0.6772791147232056,62,201,49,13
vid_4_16760.jpg,car,0.5502785444259644,452,198,20,7
vid_4_16760.jpg,car,0.576180636882782,504,196,18,7
vid_4_16760.jpg,car,0.6491955518722534,534,195,29,9
vid_4_16760.jpg,car,0.799787700176239,566,195,23,8
vid_4_16760.jpg,car,0.5047198534011841,579,195,24,8
vid_4_16760.jpg,car,0.5596807599067688,283,201,19,7
vid_4_16780.jpg,car,0.6077011227607727,400,200,17,6
vid_4_16780.jpg,car,0.7279014587402344,476,197,19,7
vid_4_16780.jpg,car,0.6231318116188049,527,196,23,7
vid_4_16780.jpg,car,0.6912614703178406,164,202,50,14
vid_4_16800.jpg,car,0.6388511061668396,361,200,16,5
vid_4_16800.jpg,car,0.5051921606063843,377,200,14,6
vid_4_16800.jpg,car,0.7535172700881958,385,199,19,7
vid_4_16800.jpg,car,0.711476743221283,413,199,18,7
vid_4_16800.jpg,car,0.5932812094688416,437,198,19,7
vid_4_16800.jpg,car,0.619480550289154,490,196,21,7
vid_4_16800.jpg,car,0.6232156157493591,516,196,24,7
vid_4_16800.jpg,car,0.6268179416656494,113,201,66,17
vid_4_16800.jpg,car,0.5061967968940735,204,204,19,7
vid_4_16800.jpg,car,0.8148990869522095,296,202,47,11
vid_4_16820.jpg,car,0.5184824466705322,387,199,18,7
vid_4_16820.jpg,car,0.7852979302406311,406,197,29,9
vid_4_16820.jpg,car,0.8380549550056458,449,198,27,8
vid_4_16820.jpg,car,0.6681931018829346,184,203,28,7
vid_4_16820.jpg,car,0.8205821514129639,310,202,18,6
vid_4_16820.jpg,car,0.6460055708885193,359,201,20,8
vid_4_16900.jpg,car,0.9529255032539368,494,197,33,11
vid_4_16900.jpg,car,0.8663116693496704,528,194,24,7
vid_4_16900.jpg,car,0.6943413019180298,283,207,15,6
vid_4_16900.jpg,car,0.5903859734535217,296,207,16,6
vid_4_16900.jpg,car,0.6190682649612427,308,205,19,8
vid_4_16900.jpg,car,0.8012087941169739,327,206,34,8
vid_4_16900.jpg,car,0.7635612487792969,111,208,26,10
vid_4_16920.jpg,car,0.7792023420333862,449,198,25,13
vid_4_16920.jpg,car,0.536989688873291,255,208,19,7
vid_4_17040.jpg,car,0.5314579010009766,357,204,20,12
vid_4_17040.jpg,car,0.5269731879234314,47,212,24,7
vid_4_17100.jpg,car,0.9641076326370239,494,196,109,28
vid_4_17120.jpg,car,0.9956561923027039,228,205,97,26
vid_4_17120.jpg,car,0.7319241762161255,189,203,32,11
vid_4_17120.jpg,car,0.6090739965438843,236,199,28,14
vid_4_17120.jpg,car,0.5537549257278442,154,206,23,11
vid_4_17140.jpg,car,0.993822455406189,547,190,109,29
vid_4_17140.jpg,car,0.9067389369010925,141,204,43,11
vid_4_17140.jpg,car,0.7712306380271912,188,201,32,13
vid_4_17140.jpg,car,0.8700432777404785,104,206,39,11
vid_4_17140.jpg,car,0.9815965890884399,18,208,80,23
vid_4_17160.jpg,car,0.9913761019706726,298,200,108,32
vid_4_17160.jpg,car,0.5284904837608337,2,203,29,15
vid_4_17160.jpg,car,0.8049770593643188,101,205,40,12
vid_4_17160.jpg,car,0.6442049145698547,139,202,37,14
vid_4_17160.jpg,car,0.7684445381164551,69,207,30,10
vid_4_17180.jpg,car,0.9891884922981262,72,206,98,27
vid_4_17180.jpg,car,0.7578402161598206,35,208,23,10
vid_4_17180.jpg,car,0.736717700958252,68,207,30,10
vid_4_17200.jpg,car,0.5623695850372314,67,205,30,11
vid_4_17200.jpg,car,0.8073124289512634,8,209,19,10
vid_4_17200.jpg,car,0.8191714286804199,31,209,27,9
vid_4_17220.jpg,car,0.5557976365089417,1,206,14,8
vid_4_17220.jpg,car,0.6127347946166992,30,204,30,10
vid_4_17240.jpg,car,0.9986395835876465,419,192,155,45
vid_4_17260.jpg,car,0.9979705214500427,53,204,131,38
vid_4_17300.jpg,car,0.8033818602561951,659,202,16,41
vid_4_17320.jpg,car,0.9905130863189697,258,185,295,110
vid_4_17320.jpg,car,0.5610846877098083,246,208,13,5
vid_4_17340.jpg,car,0.9888023138046265,-1,200,128,74
vid_4_17340.jpg,car,0.9970189332962036,163,201,104,32
vid_4_17360.jpg,car,0.9157965183258057,1,204,52,27
vid_4_1740.jpg,car,0.7436462044715881,662,190,13,17
vid_4_17400.jpg,car,0.9909225702285767,507,187,105,37
vid_4_17420.jpg,car,0.9317988157272339,209,200,98,33
vid_4_17440.jpg,car,0.9327874183654785,0,203,73,28
vid_4_17520.jpg,car,0.8933335542678833,634,184,40,43
vid_4_17540.jpg,car,0.9975867867469788,247,190,183,60
vid_4_17540.jpg,car,0.9532044529914856,478,185,121,39
vid_4_17560.jpg,car,0.6932691335678101,191,191,107,39
vid_4_17560.jpg,car,0.9867526888847351,558,187,115,45
vid_4_17560.jpg,car,0.9569365978240967,-2,198,79,43
vid_4_17580.jpg,car,0.9931512475013733,154,202,154,43
vid_4_17580.jpg,car,0.9451081156730652,0,198,73,29
vid_4_1760.jpg,car,0.9958000183105469,469,192,96,25
vid_4_17600.jpg,car,0.9906755685806274,582,179,89,53
vid_4_17600.jpg,car,0.7264131307601929,0,209,16,28
vid_4_17620.jpg,car,0.9957007169723511,159,202,165,46
vid_4_17640.jpg,car,0.986150860786438,616,187,62,38
vid_4_17640.jpg,car,0.7968063354492188,1,206,16,32
vid_4_17660.jpg,car,0.9986343383789062,248,198,148,47
vid_4_17680.jpg,car,0.9858746528625488,0,204,63,36
vid_4_1780.jpg,car,0.9948779344558716,235,198,93,25
vid_4_1780.jpg,car,0.9879969358444214,542,177,132,60
vid_4_1800.jpg,car,0.9919290542602539,144,193,170,58
vid_4_1800.jpg,car,0.9967728853225708,541,186,100,25
vid_4_1800.jpg,car,0.9955750107765198,46,204,78,20
vid_4_18160.jpg,car,0.5381237864494324,663,193,12,29
vid_4_18180.jpg,car,0.9975672364234924,341,194,157,54
vid_4_1820.jpg,car,0.9987006783485413,315,197,105,24
vid_4_1820.jpg,car,0.9599190354347229,542,178,134,59
vid_4_1820.jpg,car,0.7160372734069824,-1,195,19,43
vid_4_18200.jpg,car,0.9995490312576294,28,205,126,41
vid_4_18280.jpg,car,0.6162000894546509,475,188,18,8
vid_4_18320.jpg,car,0.994220495223999,494,180,120,40
vid_4_18320.jpg,car,0.6239692568778992,390,189,16,10
vid_4_18340.jpg,car,0.955562174320221,235,191,118,38
vid_4_18340.jpg,car,0.8250698447227478,363,190,18,9
vid_4_18360.jpg,car,0.7562108635902405,21,200,106,33
vid_4_1840.jpg,car,0.9974859356880188,110,196,176,59
vid_4_1840.jpg,car,0.6637932062149048,326,184,132,45
vid_4_1860.jpg,car,0.5666427612304688,71,197,114,36
vid_4_1860.jpg,car,0.9647350907325745,587,184,86,51
vid_4_1860.jpg,car,0.8858996629714966,0,205,35,21
vid_4_1880.jpg,car,0.9990266561508179,167,199,170,57
vid_4_1880.jpg,car,0.8047899603843689,572,183,98,33
vid_4_1880.jpg,car,0.9782339334487915,531,187,71,23
vid_4_1880.jpg,car,0.9582312107086182,0,202,17,28
vid_4_18820.jpg,car,0.9154893159866333,568,181,105,37
vid_4_18840.jpg,car,0.9868392944335938,299,188,114,43
vid_4_18860.jpg,car,0.9904123544692993,510,180,159,51
vid_4_18860.jpg,car,0.9935753345489502,48,199,104,34
vid_4_18880.jpg,car,0.9905456900596619,136,192,150,50
vid_4_1900.jpg,car,0.8438425064086914,323,189,109,38
vid_4_19040.jpg,car,0.983001708984375,544,188,115,27
vid_4_19060.jpg,car,0.9971334934234619,244,199,108,31
vid_4_19080.jpg,car,0.9510405659675598,6,205,83,25
vid_4_1920.jpg,car,0.8828582763671875,76,199,104,33
vid_4_1920.jpg,car,0.9616646766662598,172,200,41,26
vid_4_19300.jpg,car,0.5830091834068298,411,199,24,5
vid_4_19320.jpg,car,0.7226150631904602,372,200,21,6
vid_4_19340.jpg,car,0.5451741218566895,311,197,18,6
vid_4_19340.jpg,car,0.8051784634590149,334,198,20,7
vid_4_1940.jpg,car,0.6881725788116455,612,173,64,37
vid_4_1940.jpg,car,0.6481497287750244,0,201,12,27
vid_4_1940.jpg,car,0.9872546195983887,5,205,56,19
vid_4_19440.jpg,car,0.664454996585846,136,204,29,9
vid_4_1960.jpg,car,0.7090189456939697,465,193,132,32
vid_4_19740.jpg,car,0.7707916498184204,617,176,57,36
vid_4_19760.jpg,car,0.8446061611175537,359,186,118,43
vid_4_19780.jpg,car,0.9971264600753784,89,196,103,35
vid_4_1980.jpg,car,0.9964301586151123,548,189,123,33
vid_4_1980.jpg,car,0.6588071584701538,216,202,125,35
vid_4_1980.jpg,car,0.7178212404251099,645,187,31,24
vid_4_19880.jpg,car,0.9910908341407776,438,191,116,36
vid_4_19900.jpg,car,0.9941810369491577,151,200,108,31
vid_4_19920.jpg,car,0.887683093547821,1,201,46,27
vid_4_2000.jpg,car,0.9983248710632324,312,198,127,35
vid_4_2000.jpg,car,0.9972163438796997,468,193,108,25
vid_4_2000.jpg,car,0.749662458896637,23,205,105,32
vid_4_2020.jpg,car,0.9984462261199951,273,201,98,25
vid_4_2020.jpg,car,0.9984117150306702,80,206,111,30
vid_4_2020.jpg,car,0.9887903332710266,605,186,72,29
vid_4_2020.jpg,car,0.6652525663375854,7,205,81,21
vid_4_2040.jpg,car,0.9938181042671204,392,191,124,34
vid_4_2040.jpg,car,0.9958022236824036,576,187,99,44
vid_4_2040.jpg,car,0.9870941042900085,-1,207,26,22
vid_4_2040.jpg,car,0.996132493019104,104,205,80,22
vid_4_2060.jpg,car,0.9967870116233826,496,191,92,24
vid_4_2060.jpg,car,0.9901943802833557,160,197,105,36
vid_4_2060.jpg,car,0.99920254945755,191,202,162,45
vid_4_2060.jpg,car,0.9396817088127136,1,204,52,21
vid_4_2080.jpg,car,0.9504083395004272,604,177,72,39
vid_4_2080.jpg,car,0.9945752024650574,293,196,91,25
vid_4_2080.jpg,car,0.9528692364692688,-1,201,45,37
vid_4_2080.jpg,car,0.9890441298484802,15,199,64,28
vid_4_2100.jpg,car,0.9898402094841003,389,186,117,42
vid_4_2100.jpg,car,0.9814936518669128,555,179,118,53
vid_4_2100.jpg,car,0.9967366456985474,111,203,80,22
vid_4_21160.jpg,car,0.9441426396369934,522,177,122,42
vid_4_21180.jpg,car,0.8808994293212891,255,186,127,43
vid_4_2120.jpg,car,0.9943839907646179,160,191,161,57
vid_4_2120.jpg,car,0.997316837310791,359,191,91,28
vid_4_2120.jpg,car,0.5297585725784302,284,176,14,4
vid_4_2120.jpg,car,0.9040504097938538,0,203,47,19
vid_4_21200.jpg,car,0.9169997572898865,41,193,108,35
vid_4_21220.jpg,car,0.9246556758880615,532,179,105,35
vid_4_21240.jpg,car,0.8725202083587646,273,189,101,37
vid_4_21240.jpg,car,0.9907687306404114,602,183,74,44
vid_4_21260.jpg,car,0.9894099235534668,52,195,87,31
vid_4_21260.jpg,car,0.9970137476921082,224,198,143,44
vid_4_21280.jpg,car,0.9587165713310242,3,203,54,27
vid_4_21300.jpg,car,0.9982098937034607,498,188,158,46
vid_4_21320.jpg,car,0.9990925788879395,97,202,155,44
vid_4_2140.jpg,car,0.9969497323036194,470,188,187,52
vid_4_2140.jpg,car,0.5810092687606812,263,178,11,4
vid_4_2140.jpg,car,0.544124186038971,300,178,8,4
vid_4_2140.jpg,car,0.9364011883735657,0,199,19,35
vid_4_2140.jpg,car,0.9557797908782959,13,196,69,31
vid_4_2140.jpg,car,0.9873411655426025,164,200,80,24
vid_4_21400.jpg,car,0.998125433921814,486,186,111,32
vid_4_21420.jpg,car,0.99609375,192,199,107,31
vid_4_21440.jpg,car,0.996157705783844,-2,204,76,25
vid_4_21480.jpg,car,0.8491332530975342,553,181,99,31
vid_4_21480.jpg,car,0.9972560405731201,355,192,158,45
vid_4_21500.jpg,car,0.802284836769104,296,189,102,36
vid_4_21500.jpg,car,0.9996451735496521,6,204,133,38
vid_4_21520.jpg,car,0.9592953324317932,64,197,92,33
vid_4_21540.jpg,car,0.9489517211914062,618,178,57,32
vid_4_21560.jpg,car,0.9993417859077454,380,191,115,34
vid_4_21560.jpg,car,0.9959229230880737,520,178,150,54
vid_4_21580.jpg,car,0.9880102276802063,130,190,159,52
vid_4_2160.jpg,car,0.999370813369751,345,199,109,34
vid_4_2160.jpg,car,0.9981697201728821,74,201,155,47
vid_4_2160.jpg,car,0.606189489364624,206,178,19,6
vid_4_2160.jpg,car,0.6489603519439697,247,180,11,5
vid_4_2160.jpg,car,0.9935804605484009,20,206,70,18
vid_4_21600.jpg,car,0.9133093953132629,2,203,41,28
vid_4_21620.jpg,car,0.9980353713035583,470,189,153,45
vid_4_21620.jpg,car,0.7454383373260498,657,187,18,23
vid_4_21640.jpg,car,0.7583878040313721,426,182,122,40
vid_4_21640.jpg,car,0.9997551441192627,75,203,151,42
vid_4_21660.jpg,car,0.6921110153198242,157,192,110,37
vid_4_2180.jpg,car,0.9985628128051758,124,205,101,30
vid_4_2200.jpg,car,0.9823587536811829,0,206,55,27
vid_4_22220.jpg,car,0.9827213883399963,398,184,162,60
vid_4_22240.jpg,car,0.9814900159835815,24,198,146,47
vid_4_22540.jpg,car,0.9783747792243958,570,185,100,36
vid_4_22560.jpg,car,0.9932918548583984,274,194,106,37
vid_4_22580.jpg,car,0.9967756271362305,26,204,86,32
vid_4_22640.jpg,car,0.8907157778739929,553,175,127,61
vid_4_22660.jpg,car,0.988455057144165,148,190,168,59
vid_4_22680.jpg,car,0.6938371658325195,-1,192,16,47
vid_4_22700.jpg,car,0.9991223812103271,429,193,115,31
vid_4_22720.jpg,car,0.9975672364234924,154,200,111,31
vid_4_22740.jpg,car,0.9920521378517151,-1,207,55,25
vid_4_22980.jpg,car,0.9947136044502258,535,189,116,31
vid_4_23000.jpg,car,0.9966961741447449,267,200,103,31
vid_4_23020.jpg,car,0.9942946434020996,28,207,101,26
vid_4_23420.jpg,car,0.6240450739860535,479,180,21,6
vid_4_23440.jpg,car,0.5808745622634888,423,181,16,9
vid_4_23440.jpg,car,0.8690696358680725,453,180,22,7
vid_4_23460.jpg,car,0.8137310743331909,427,180,21,7
vid_4_23480.jpg,car,0.6335757374763489,354,181,14,9
vid_4_23480.jpg,car,0.5803563594818115,402,180,18,7
vid_4_23500.jpg,car,0.6391156911849976,338,176,9,5
vid_4_23500.jpg,car,0.5781921148300171,377,181,14,8
vid_4_23520.jpg,car,0.7463223934173584,326,181,6,5
vid_4_23540.jpg,car,0.5282754302024841,325,182,10,5
vid_4_23540.jpg,car,0.5360484719276428,261,191,16,8
vid_4_23540.jpg,car,0.7759597897529602,327,188,12,9
vid_4_2380.jpg,car,0.9762254357337952,486,191,97,31
vid_4_2400.jpg,car,0.9239000082015991,231,205,100,28
vid_4_2420.jpg,car,0.9265865087509155,33,204,78,25
vid_4_24760.jpg,car,0.9925846457481384,69,201,97,26
vid_4_24780.jpg,car,0.82273268699646,0,206,22,20
vid_4_24800.jpg,car,0.821363091468811,-1,214,25,60
vid_4_24820.jpg,car,0.8778636455535889,-4,217,32,54
vid_4_24840.jpg,car,0.8843185305595398,-1,212,26,62
vid_4_24860.jpg,car,0.8044160604476929,-1,230,20,42
vid_4_24880.jpg,car,0.6749244332313538,0,216,9,57
vid_4_2520.jpg,car,0.9717735052108765,469,175,198,65
vid_4_2540.jpg,car,0.9328498244285583,38,197,164,49
vid_4_26160.jpg,car,0.5630131959915161,559,187,17,6
vid_4_26180.jpg,car,0.5589355826377869,188,199,30,8
vid_4_26280.jpg,car,0.8541946411132812,656,181,20,21
vid_4_26300.jpg,car,0.9768587350845337,585,180,71,23
vid_4_26320.jpg,car,0.8926417827606201,621,174,52,35
vid_4_26320.jpg,car,0.9763752222061157,495,182,79,26
vid_4_26340.jpg,car,0.9204775094985962,601,183,60,24
vid_4_26340.jpg,car,0.9121823310852051,382,193,79,28
vid_4_26360.jpg,car,0.8760115504264832,630,179,46,37
vid_4_26360.jpg,car,0.9778153300285339,511,189,72,26
vid_4_26360.jpg,car,0.8016042113304138,263,195,75,28
vid_4_26380.jpg,car,0.7397065758705139,507,179,109,40
vid_4_26380.jpg,car,0.9773613214492798,616,186,48,20
vid_4_26380.jpg,car,0.9704609513282776,411,189,77,27
vid_4_26400.jpg,car,0.6692851185798645,354,184,116,38
vid_4_26400.jpg,car,0.6951941847801208,34,197,100,31
vid_4_26400.jpg,car,0.9940841794013977,498,193,86,20
vid_4_26400.jpg,car,0.9813573360443115,625,185,51,28
vid_4_26400.jpg,car,0.9837114214897156,304,193,62,27
vid_4_26420.jpg,car,0.8671524524688721,197,192,104,40
vid_4_26420.jpg,car,0.9899894595146179,506,189,120,32
vid_4_26420.jpg,car,0.9643212556838989,595,184,49,27
vid_4_26420.jpg,car,0.9881535768508911,401,195,78,22
vid_4_26420.jpg,car,0.8993627429008484,-1,204,42,21
vid_4_26440.jpg,car,0.9960336089134216,583,185,90,28
vid_4_26440.jpg,car,0.8126816749572754,57,193,106,36
vid_4_26440.jpg,car,0.9790569543838501,354,192,119,34
vid_4_26440.jpg,car,0.9949733018875122,478,186,77,25
vid_4_26440.jpg,car,0.9819609522819519,288,196,76,24
vid_4_26460.jpg,car,0.9742926359176636,368,189,85,28
vid_4_26460.jpg,car,0.9950060248374939,210,197,106,34
vid_4_26460.jpg,car,0.9974066615104675,465,190,115,29
vid_4_26460.jpg,car,0.7886155843734741,568,182,80,28
vid_4_26460.jpg,car,0.9554013609886169,0,200,42,29
vid_4_26460.jpg,car,0.9901562333106995,38,203,43,21
vid_4_26460.jpg,car,0.9679292440414429,175,200,59,26
vid_4_26480.jpg,car,0.9987176060676575,65,200,101,31
vid_4_26480.jpg,car,0.9898535013198853,254,194,84,27
vid_4_26480.jpg,car,0.9982422590255737,335,197,101,29
vid_4_26480.jpg,car,0.6639724373817444,469,187,83,28
vid_4_26480.jpg,car,0.6656225323677063,1,204,8,20
vid_4_26500.jpg,car,0.9965181350708008,197,200,95,31
vid_4_26500.jpg,car,0.8697924613952637,363,195,74,25
vid_4_26500.jpg,car,0.9857726097106934,-3,206,70,24
vid_4_26500.jpg,car,0.9819722175598145,145,198,79,27
vid_4_26520.jpg,car,0.9968302249908447,67,200,100,27
vid_4_26520.jpg,car,0.6413760185241699,58,198,56,23
vid_4_26520.jpg,car,0.7423264980316162,247,194,72,28
vid_4_26540.jpg,car,0.7311632037162781,140,195,77,28
vid_4_26540.jpg,car,0.9924842119216919,0,204,67,24
vid_4_26560.jpg,car,0.8435362577438354,52,197,68,27
vid_4_26580.jpg,car,0.9352520108222961,0,198,41,23
vid_4_27280.jpg,car,0.924940288066864,0,210,26,64
vid_4_28200.jpg,car,0.9979819059371948,297,187,106,38
vid_4_28220.jpg,car,0.996601939201355,46,199,97,26
vid_4_28380.jpg,car,0.8288472294807434,657,181,17,10
vid_4_28400.jpg,car,0.6524481773376465,636,173,21,7
vid_4_28400.jpg,car,0.8258832693099976,591,179,34,12
vid_4_28420.jpg,car,0.8277096748352051,606,176,22,9
vid_4_28420.jpg,car,0.8904331922531128,544,182,22,11
vid_4_28440.jpg,car,0.7456673383712769,543,184,18,7
vid_4_28440.jpg,car,0.8924140930175781,571,182,20,8
vid_4_28440.jpg,car,0.9307321310043335,495,188,20,9
vid_4_28440.jpg,car,0.9489985704421997,608,183,48,18
vid_4_28440.jpg,car,0.9704859256744385,653,185,22,31
vid_4_28820.jpg,car,0.9723005294799805,422,189,82,28
vid_4_28840.jpg,car,0.9729657769203186,235,198,85,24
vid_4_28860.jpg,car,0.9673122763633728,84,199,80,23
vid_4_28880.jpg,car,0.9746547937393188,0,205,41,20
vid_4_29460.jpg,car,0.9602726101875305,549,182,82,25
vid_4_29480.jpg,car,0.9420229196548462,345,187,82,30
vid_4_29500.jpg,car,0.9565194249153137,138,195,82,27
vid_4_29520.jpg,car,0.918677568435669,541,181,102,32
vid_4_29520.jpg,car,0.9740796685218811,0,202,53,22
vid_4_29540.jpg,car,0.7768944501876831,279,188,99,38
vid_4_29560.jpg,car,0.9842082858085632,44,197,93,29
vid_4_29880.jpg,car,0.9988023638725281,186,201,174,56
vid_4_29880.jpg,car,0.9411442875862122,612,181,61,22
vid_4_29880.jpg,car,0.9898315668106079,423,191,68,18
vid_4_29880.jpg,car,0.9207497239112854,164,200,56,24
vid_4_29900.jpg,car,0.9988197684288025,282,197,174,60
vid_4_29900.jpg,car,0.9762486815452576,445,189,76,22
vid_4_29900.jpg,car,0.5937631130218506,277,202,22,13
vid_4_29900.jpg,car,0.9981251358985901,32,204,73,19
vid_4_29920.jpg,car,0.9983294010162354,376,188,173,61
vid_4_29920.jpg,car,0.9421052932739258,645,184,29,17
vid_4_29920.jpg,car,0.9890634417533875,146,199,67,19
vid_4_29920.jpg,car,0.8853197693824768,253,196,71,22
vid_4_29940.jpg,car,0.9960018992424011,469,185,186,64
vid_4_29940.jpg,car,0.643342912197113,606,189,17,8
vid_4_29940.jpg,car,0.7794833183288574,634,189,26,8
vid_4_29940.jpg,car,0.9858118295669556,45,203,57,17
vid_4_29940.jpg,car,0.991102397441864,83,201,83,21
vid_4_29960.jpg,car,0.9760931730270386,581,181,92,56
vid_4_29960.jpg,car,0.9123374223709106,371,195,65,20
vid_4_29960.jpg,car,0.9618679285049438,0,207,40,18
vid_4_29980.jpg,car,0.8783002495765686,589,190,35,9
vid_4_29980.jpg,car,0.6584271192550659,655,180,19,27
vid_4_29980.jpg,car,0.9872693419456482,224,202,66,18
vid_4_30000.jpg,car,0.9633651971817017,537,182,92,26
vid_4_30000.jpg,car,0.9947969913482666,105,204,58,16
vid_4_30020.jpg,car,0.895389199256897,553,191,32,10
vid_4_30020.jpg,car,0.9766761064529419,405,187,81,26
vid_4_30020.jpg,car,0.9935661554336548,16,203,47,16
vid_4_30440.jpg,car,0.9988048076629639,189,199,100,33
vid_4_30440.jpg,car,0.8886410593986511,67,203,34,11
vid_4_30440.jpg,car,0.8311775326728821,148,200,22,10
vid_4_3120.jpg,car,0.6600415706634521,509,186,123,37
vid_4_3140.jpg,car,0.6344680190086365,181,193,117,41
vid_4_3160.jpg,car,0.9529683589935303,631,186,43,42
vid_4_3160.jpg,car,0.5723569989204407,618,180,54,28
vid_4_3160.jpg,car,0.9227845072746277,-1,201,39,31
vid_4_3180.jpg,car,0.9987199902534485,192,197,178,55
vid_4_3180.jpg,car,0.9800413846969604,341,191,85,39
vid_4_3200.jpg,car,0.9932603240013123,38,201,94,32
vid_4_3200.jpg,car,0.9159500002861023,-1,210,18,28
vid_4_3220.jpg,car,0.994438111782074,447,195,104,27
vid_4_3240.jpg,car,0.9575892090797424,163,202,102,29
vid_4_3260.jpg,car,0.7633267045021057,0,207,48,21
vid_4_3340.jpg,car,0.7209742069244385,528,184,98,30
vid_4_3360.jpg,car,0.936052680015564,286,194,97,30
vid_4_3380.jpg,car,0.9463003873825073,70,197,92,27
vid_4_3420.jpg,car,0.9110893607139587,627,174,48,50
vid_4_3440.jpg,car,0.9991616010665894,229,186,176,56
vid_4_3460.jpg,car,0.8668938875198364,-1,196,60,42
vid_4_3520.jpg,car,0.9883008003234863,571,187,100,29
vid_4_3540.jpg,car,0.9901906251907349,240,199,102,34
vid_4_3560.jpg,car,0.9520791172981262,0,205,66,25
vid_4_3800.jpg,car,0.9771648049354553,597,181,81,36
vid_4_3820.jpg,car,0.972061038017273,311,191,111,41
vid_4_3840.jpg,car,0.9890098571777344,42,202,98,34
vid_4_4520.jpg,car,0.9827961325645447,459,178,103,35
vid_4_4540.jpg,car,0.9262134432792664,244,184,99,38
vid_4_4560.jpg,car,0.9206991195678711,41,196,101,37
vid_4_600.jpg,car,0.9987190961837769,292,197,106,33
vid_4_6080.jpg,car,0.5561295747756958,628,176,8,3
vid_4_6140.jpg,car,0.890591025352478,665,187,10,14
vid_4_6160.jpg,car,0.991626501083374,582,176,93,37
vid_4_6160.jpg,car,0.587759792804718,561,181,44,26
vid_4_6180.jpg,car,0.992490828037262,427,182,122,39
vid_4_6180.jpg,car,0.9909211993217468,612,183,64,21
vid_4_620.jpg,car,0.9738866686820984,24,200,89,29
vid_4_6200.jpg,car,0.9977623224258423,247,188,114,39
vid_4_6200.jpg,car,0.5956324934959412,494,174,16,5
vid_4_6200.jpg,car,0.9952875375747681,486,189,83,20
vid_4_6220.jpg,car,0.9975146055221558,82,196,112,31
vid_4_6220.jpg,car,0.9847745299339294,335,193,87,29
vid_4_6220.jpg,car,0.9915260672569275,556,189,110,31
vid_4_6220.jpg,car,0.8832790851593018,644,182,32,23
vid_4_6220.jpg,car,0.9850659966468811,182,197,43,26
vid_4_6240.jpg,car,0.994105339050293,532,183,97,27
vid_4_6240.jpg,car,0.9812920689582825,394,193,116,33
vid_4_6240.jpg,car,0.9807114601135254,642,185,35,28
vid_4_6240.jpg,car,0.8188642263412476,-2,202,62,28
vid_4_6240.jpg,car,0.9778265357017517,55,206,53,18
vid_4_6240.jpg,car,0.9839962124824524,190,200,79,24
vid_4_6260.jpg,car,0.961765468120575,410,185,95,33
vid_4_6260.jpg,car,0.99188232421875,218,198,107,35
vid_4_6260.jpg,car,0.9929642677307129,514,188,103,34
vid_4_6260.jpg,car,0.8829333186149597,598,181,72,27
vid_4_6260.jpg,car,0.7581608295440674,0,207,13,15
vid_4_6260.jpg,car,0.9981704950332642,63,204,75,19
vid_4_6280.jpg,car,0.7968447208404541,460,181,90,34
vid_4_6280.jpg,car,0.994927704334259,62,203,100,28
vid_4_6280.jpg,car,0.989757776260376,264,191,101,32
vid_4_6280.jpg,car,0.9920754432678223,350,192,112,35
vid_4_6280.jpg,car,0.9611358046531677,0,206,35,18
vid_4_6300.jpg,car,0.7716788053512573,309,186,95,34
vid_4_6300.jpg,car,0.9828799366950989,138,192,81,31
vid_4_6300.jpg,car,0.9957674145698547,173,197,107,32
vid_4_6300.jpg,car,0.9833564162254333,0,202,41,25
vid_4_6320.jpg,car,0.9981851577758789,33,198,106,29
vid_4_6340.jpg,car,0.9408266544342041,56,197,80,25
vid_4_6340.jpg,car,0.981153130531311,-2,200,32,28
vid_4_6360.jpg,car,0.9392234683036804,607,178,69,37
vid_4_6360.jpg,car,0.8033981323242188,0,198,39,24
vid_4_6380.jpg,car,0.9771861433982849,401,186,120,40
vid_4_6380.jpg,car,0.992266058921814,521,189,78,22
vid_4_6400.jpg,car,0.9876346588134766,170,192,106,36
vid_4_6400.jpg,car,0.9924769997596741,351,191,87,23
vid_4_6420.jpg,car,0.948635995388031,7,194,85,32
vid_4_6420.jpg,car,0.908432126045227,619,178,57,34
vid_4_6420.jpg,car,0.9916530847549438,191,194,78,23
vid_4_6440.jpg,car,0.9974908232688904,411,188,119,33
vid_4_6440.jpg,car,0.9919859766960144,531,182,76,26
vid_4_6440.jpg,car,0.9778156280517578,57,199,75,21
vid_4_6460.jpg,car,0.9977079033851624,361,189,86,28
vid_4_6460.jpg,car,0.9986797571182251,185,197,106,32
vid_4_6460.jpg,car,0.908889889717102,-1,201,25,19
vid_4_6480.jpg,car,0.993992269039154,14,203,91,27
vid_4_6480.jpg,car,0.9883449673652649,196,197,81,26
vid_4_6500.jpg,car,0.976215660572052,64,201,73,23
vid_4_6520.jpg,car,0.8852762579917908,0,202,34,21
vid_4_6540.jpg,car,0.6441521644592285,459,188,27,6
vid_4_680.jpg,car,0.9899287223815918,577,185,99,61
vid_4_700.jpg,car,0.999732494354248,254,197,241,81
vid_4_700.jpg,car,0.9948108792304993,592,186,84,60
vid_4_720.jpg,car,0.9991579651832581,-5,206,185,59
vid_4_720.jpg,car,0.9998989105224609,285,198,245,78
vid_4_740.jpg,car,0.9976459741592407,4,209,193,59
vid_4_8220.jpg,car,0.9942921996116638,550,184,104,28
vid_4_8240.jpg,car,0.9900357127189636,451,191,108,28
vid_4_8260.jpg,car,0.9969220161437988,338,195,108,26
vid_4_8280.jpg,car,0.9950838685035706,227,197,102,27
vid_4_8300.jpg,car,0.9984160661697388,127,199,96,27
vid_4_8320.jpg,car,0.9913322329521179,43,203,82,22
vid_4_8340.jpg,car,0.9817041158676147,0,202,48,21
vid_4_8560.jpg,car,0.6244423389434814,184,195,101,28
vid_4_8580.jpg,car,0.594595730304718,81,197,87,25
vid_4_860.jpg,car,0.9990633726119995,289,195,160,42
vid_4_8600.jpg,car,0.6973766088485718,1,200,69,21
vid_4_8640.jpg,car,0.936500072479248,640,184,36,24
vid_4_8660.jpg,car,0.9892414808273315,511,189,74,23
vid_4_8680.jpg,car,0.9851062297821045,356,193,75,25
vid_4_8700.jpg,car,0.9693568348884583,199,199,74,24
vid_4_8720.jpg,car,0.9897015690803528,77,204,59,20
vid_4_8740.jpg,car,0.9416214823722839,-2,205,36,19
vid_4_880.jpg,car,0.9914453029632568,-2,204,93,32
vid_4_8960.jpg,car,0.9988446235656738,5,201,132,38
vid_4_8980.jpg,car,0.9931254386901855,5,200,104,28
vid_4_900.jpg,car,0.9387653470039368,635,177,39,17
vid_4_9000.jpg,car,0.543505847454071,258,189,14,4
vid_4_9000.jpg,car,0.9190915822982788,3,198,91,23
vid_4_9020.jpg,car,0.9494656920433044,9,203,75,19
vid_4_9040.jpg,car,0.9826096892356873,449,193,99,27
vid_4_9040.jpg,car,0.9885543584823608,9,205,64,18
vid_4_9060.jpg,car,0.9633287787437439,14,205,50,16
vid_4_9060.jpg,car,0.9833166599273682,217,200,80,27
vid_4_9080.jpg,car,0.7815496921539307,10,201,41,15
vid_4_9080.jpg,car,0.989578366279602,21,204,82,21
vid_4_9100.jpg,car,0.9330629706382751,11,201,41,12
vid_4_9120.jpg,car,0.9117529988288879,12,198,34,10
vid_4_920.jpg,car,0.9848725199699402,549,175,124,49
vid_4_9200.jpg,car,0.9391396641731262,523,174,66,21
vid_4_9220.jpg,car,0.9844679832458496,353,182,66,23
vid_4_9240.jpg,car,0.9061871767044067,188,187,57,23
vid_4_9260.jpg,car,0.94586580991745,612,174,63,21
vid_4_9260.jpg,car,0.938647985458374,68,193,49,20
vid_4_9280.jpg,car,0.7323238253593445,658,176,18,21
vid_4_9280.jpg,car,0.9720340967178345,437,179,79,24
vid_4_9280.jpg,car,0.7568749785423279,0,197,27,17
vid_4_9300.jpg,car,0.9951589703559875,430,181,103,26
vid_4_9300.jpg,car,0.9731994271278381,240,185,74,26
vid_4_9320.jpg,car,0.9943292140960693,171,189,90,25
vid_4_9320.jpg,car,0.9958367943763733,78,190,66,23
vid_4_9340.jpg,car,0.9885281920433044,1,194,61,21
vid_4_940.jpg,car,0.9951044917106628,145,193,158,48
vid_4_940.jpg,car,0.9207005500793457,511,185,62,20
vid_4_9420.jpg,car,0.9813542366027832,423,177,103,33
vid_4_9440.jpg,car,0.9382110834121704,152,185,92,34
vid_4_9460.jpg,car,0.9509442448616028,1,195,46,24
vid_4_9500.jpg,car,0.9766432642936707,565,177,110,39
vid_4_9520.jpg,car,0.993625283241272,256,185,116,42
vid_4_9520.jpg,car,0.8510023355484009,616,183,57,24
vid_4_9520.jpg,car,0.5794016718864441,656,186,18,26
vid_4_9540.jpg,car,0.9340701699256897,381,173,144,55
vid_4_9540.jpg,car,0.9772186279296875,10,196,92,30
vid_4_9560.jpg,car,0.6532179117202759,90,191,117,42
vid_4_9560.jpg,car,0.9909225702285767,206,199,73,24
vid_4_9580.jpg,car,0.5143436193466187,667,190,7,19
vid_4_9580.jpg,car,0.7448422312736511,1,205,18,22
vid_4_9580.jpg,car,0.9682570099830627,33,204,70,20
vid_4_960.jpg,car,0.9460962414741516,441,187,48,22
vid_4_960.jpg,car,0.8990805149078369,0,195,15,40
vid_4_9600.jpg,car,0.9695960879325867,430,188,137,42
vid_4_9620.jpg,car,0.9868068099021912,111,199,116,35
vid_4_9620.jpg,car,0.9877870678901672,246,197,91,28
vid_4_9620.jpg,car,0.7782093286514282,561,185,118,40
vid_4_9640.jpg,car,0.9495318531990051,263,191,115,44
vid_4_9640.jpg,car,0.6444989442825317,0,201,11,30
vid_4_9640.jpg,car,0.9659167528152466,64,200,73,25
vid_4_9660.jpg,car,0.9199483394622803,13,196,97,38
vid_4_9700.jpg,car,0.9809885621070862,594,190,81,25
vid_4_9720.jpg,car,0.9954269528388977,359,194,99,29
vid_4_9740.jpg,car,0.9306516647338867,639,172,38,46
vid_4_9740.jpg,car,0.9817174673080444,126,198,93,27
vid_4_9760.jpg,car,0.9904095530509949,463,183,107,35
vid_4_9760.jpg,car,0.9884077906608582,0,203,42,21
vid_4_9780.jpg,car,0.9942587614059448,208,195,94,31
vid_4_980.jpg,car,0.9776371717453003,368,189,37,24
vid_4_9800.jpg,car,0.982462465763092,14,200,90,27
vid_4_9800.jpg,car,0.979300856590271,634,183,42,29
vid_4_9820.jpg,car,0.9623807668685913,392,190,116,34
vid_4_9840.jpg,car,0.9980360865592957,135,198,103,29
vid_4_9860.jpg,car,0.9889364838600159,0,205,45,23
vid_4_9880.jpg,car,0.6188904643058777,337,165,187,73
vid_4_9960.jpg,car,0.9892494082450867,495,177,112,41
vid_4_9980.jpg,car,0.9943146109580994,226,189,112,39
